P_CardNumber,P_ExpiryDate,P_FirstName,P_LastName,P_Address1,P_Address2,P_City,P_State,P_Zip,P_Country
999 9999 9999 9999,03-Dec,First,Last,Baner,Balewadi,Pune,Maharashtra,94303,India
1000 9999 9999 9999,04-Dec,First,Last,Baner,Balewadi,Pune,Maharashtra,94303,India
1001 9999 9999 9999,05-Dec,First,Last,Baner,Balewadi,Pune,Maharashtra,94303,India
1002 9999 9999 9999,06-Dec,First,Last,Baner,Balewadi,Pune,Maharashtra,94303,India
1003 9999 9999 9999,07-Dec,First,Last,Baner,Balewadi,Pune,Maharashtra,94303,India
1004 9999 9999 9999,08-Dec,First,Last,Baner,Balewadi,Pune,Maharashtra,94303,India
1005 9999 9999 9999,09-Dec,First,Last,Baner,Balewadi,Pune,Maharashtra,94303,India
1006 9999 9999 9999,10-Dec,First,Last,Baner,Balewadi,Pune,Maharashtra,94303,India
1007 9999 9999 9999,11-Dec,First,Last,Baner,Balewadi,Pune,Maharashtra,94303,India
1008 9999 9999 9999,12-Dec,First,Last,Baner,Balewadi,Pune,Maharashtra,94303,India
